{"meta":{"version":1,"warehouse":"4.0.1"},"models":{"Asset":[{"_id":"node_modules/hexo-theme-landscape/source/css/style.styl","path":"css/style.styl","modified":0,"renderable":1},{"_id":"node_modules/hexo-theme-landscape/source/fancybox/jquery.fancybox.min.css","path":"fancybox/jquery.fancybox.min.css","modified":0,"renderable":1},{"_id":"node_modules/hexo-theme-landscape/source/fancybox/jquery.fancybox.min.js","path":"fancybox/jquery.fancybox.min.js","modified":0,"renderable":1},{"_id":"node_modules/hexo-theme-landscape/source/js/jquery-3.4.1.min.js","path":"js/jquery-3.4.1.min.js","modified":0,"renderable":1},{"_id":"node_modules/hexo-theme-landscape/source/js/script.js","path":"js/script.js","modified":0,"renderable":1},{"_id":"node_modules/hexo-theme-landscape/source/css/fonts/FontAwesome.otf","path":"css/fonts/FontAwesome.otf","modified":0,"renderable":1},{"_id":"node_modules/hexo-theme-landscape/source/css/fonts/fontawesome-webfont.eot","path":"css/fonts/fontawesome-webfont.eot","modified":0,"renderable":1},{"_id":"node_modules/hexo-theme-landscape/source/css/fonts/fontawesome-webfont.svg","path":"css/fonts/fontawesome-webfont.svg","modified":0,"renderable":1},{"_id":"node_modules/hexo-theme-landscape/source/css/fonts/fontawesome-webfont.ttf","path":"css/fonts/fontawesome-webfont.ttf","modified":0,"renderable":1},{"_id":"node_modules/hexo-theme-landscape/source/css/fonts/fontawesome-webfont.woff","path":"css/fonts/fontawesome-webfont.woff","modified":0,"renderable":1},{"_id":"node_modules/hexo-theme-landscape/source/css/fonts/fontawesome-webfont.woff2","path":"css/fonts/fontawesome-webfont.woff2","modified":0,"renderable":1},{"_id":"node_modules/hexo-theme-landscape/source/css/images/banner.jpg","path":"css/images/banner.jpg","modified":0,"renderable":1},{"_id":"source/image/shoapp.JPG","path":"image/shoapp.JPG","modified":0,"renderable":0},{"_id":"source/image/Fırsat.JPG","path":"image/Fırsat.JPG","modified":0,"renderable":0},{"_id":"themes/landscape/source/css/style.styl","path":"css/style.styl","modified":0,"renderable":1},{"_id":"themes/landscape/source/fancybox/jquery.fancybox.min.css","path":"fancybox/jquery.fancybox.min.css","modified":0,"renderable":1},{"_id":"themes/landscape/source/fancybox/jquery.fancybox.min.js","path":"fancybox/jquery.fancybox.min.js","modified":0,"renderable":1},{"_id":"themes/landscape/source/js/jquery-3.4.1.min.js","path":"js/jquery-3.4.1.min.js","modified":0,"renderable":1},{"_id":"themes/landscape/source/js/script.js","path":"js/script.js","modified":0,"renderable":1},{"_id":"themes/landscape/source/css/fonts/FontAwesome.otf","path":"css/fonts/FontAwesome.otf","modified":0,"renderable":1},{"_id":"themes/landscape/source/css/fonts/fontawesome-webfont.eot","path":"css/fonts/fontawesome-webfont.eot","modified":0,"renderable":1},{"_id":"themes/landscape/source/css/fonts/fontawesome-webfont.svg","path":"css/fonts/fontawesome-webfont.svg","modified":0,"renderable":1},{"_id":"themes/landscape/source/css/fonts/fontawesome-webfont.ttf","path":"css/fonts/fontawesome-webfont.ttf","modified":0,"renderable":1},{"_id":"themes/landscape/source/css/fonts/fontawesome-webfont.woff","path":"css/fonts/fontawesome-webfont.woff","modified":0,"renderable":1},{"_id":"themes/landscape/source/css/fonts/fontawesome-webfont.woff2","path":"css/fonts/fontawesome-webfont.woff2","modified":0,"renderable":1},{"_id":"themes/landscape/source/css/images/banner.jpg","path":"css/images/banner.jpg","modified":0,"renderable":1}],"Cache":[{"_id":"source/_posts/hello-world.md","hash":"acad91ace80b80295b11a9b7ad4c29a2dcfdd8fb","modified":1653883542873},{"_id":"node_modules/hexo-theme-landscape/LICENSE","hash":"c480fce396b23997ee23cc535518ffaaf7f458f8","modified":499162500000},{"_id":"node_modules/hexo-theme-landscape/README.md","hash":"d2772ece6d4422ccdaa0359c3e07588834044052","modified":499162500000},{"_id":"node_modules/hexo-theme-landscape/_config.yml","hash":"b608c1f1322760dce9805285a602a95832730a2e","modified":499162500000},{"_id":"node_modules/hexo-theme-landscape/package.json","hash":"afe127e72a8924cd4325145f510af09054705982","modified":1653883561344},{"_id":"node_modules/hexo-theme-landscape/languages/de.yml","hash":"3ebf0775abbee928c8d7bda943c191d166ded0d3","modified":499162500000},{"_id":"node_modules/hexo-theme-landscape/languages/en.yml","hash":"3083f319b352d21d80fc5e20113ddf27889c9d11","modified":499162500000},{"_id":"node_modules/hexo-theme-landscape/languages/es.yml","hash":"76edb1171b86532ef12cfd15f5f2c1ac3949f061","modified":499162500000},{"_id":"node_modules/hexo-theme-landscape/languages/fr.yml","hash":"415e1c580ced8e4ce20b3b0aeedc3610341c76fb","modified":499162500000},{"_id":"node_modules/hexo-theme-landscape/languages/hu.yml","hash":"284d557130bf54a74e7dcef9d42096130e4d9550","modified":499162500000},{"_id":"node_modules/hexo-theme-landscape/languages/it.yml","hash":"89b7d91306b2c1a0f3ac023b657bf974f798a1e8","modified":499162500000},{"_id":"node_modules/hexo-theme-landscape/languages/ja.yml","hash":"a73e1b9c80fd6e930e2628b393bfe3fb716a21a9","modified":499162500000},{"_id":"node_modules/hexo-theme-landscape/languages/ko.yml","hash":"881d6a0a101706e0452af81c580218e0bfddd9cf","modified":499162500000},{"_id":"node_modules/hexo-theme-landscape/languages/mn.yml","hash":"2e7523951072a9403ead3840ad823edd1084c116","modified":499162500000},{"_id":"node_modules/hexo-theme-landscape/languages/nl.yml","hash":"12ed59faba1fc4e8cdd1d42ab55ef518dde8039c","modified":499162500000},{"_id":"node_modules/hexo-theme-landscape/languages/no.yml","hash":"965a171e70347215ec726952e63f5b47930931ef","modified":499162500000},{"_id":"node_modules/hexo-theme-landscape/languages/pt.yml","hash":"57d07b75d434fbfc33b0ddb543021cb5f53318a8","modified":499162500000},{"_id":"node_modules/hexo-theme-landscape/languages/ru.yml","hash":"4fda301bbd8b39f2c714e2c934eccc4b27c0a2b0","modified":499162500000},{"_id":"node_modules/hexo-theme-landscape/languages/tr.yml","hash":"a1cdbfa17682d7a971de8ab8588bf57c74224b5b","modified":499162500000},{"_id":"node_modules/hexo-theme-landscape/languages/zh-CN.yml","hash":"1efd95774f401c80193eac6ee3f1794bfe93dc5a","modified":499162500000},{"_id":"node_modules/hexo-theme-landscape/languages/zh-TW.yml","hash":"53ce3000c5f767759c7d2c4efcaa9049788599c3","modified":499162500000},{"_id":"node_modules/hexo-theme-landscape/layout/archive.ejs","hash":"2703b07cc8ac64ae46d1d263f4653013c7e1666b","modified":499162500000},{"_id":"node_modules/hexo-theme-landscape/layout/category.ejs","hash":"765426a9c8236828dc34759e604cc2c52292835a","modified":499162500000},{"_id":"node_modules/hexo-theme-landscape/layout/index.ejs","hash":"aa1b4456907bdb43e629be3931547e2d29ac58c8","modified":499162500000},{"_id":"node_modules/hexo-theme-landscape/layout/layout.ejs","hash":"0d1765036e4874500e68256fedb7470e96eeb6ee","modified":499162500000},{"_id":"node_modules/hexo-theme-landscape/layout/page.ejs","hash":"7d80e4e36b14d30a7cd2ac1f61376d9ebf264e8b","modified":499162500000},{"_id":"node_modules/hexo-theme-landscape/layout/post.ejs","hash":"7d80e4e36b14d30a7cd2ac1f61376d9ebf264e8b","modified":499162500000},{"_id":"node_modules/hexo-theme-landscape/layout/tag.ejs","hash":"eaa7b4ccb2ca7befb90142e4e68995fb1ea68b2e","modified":499162500000},{"_id":"node_modules/hexo-theme-landscape/scripts/fancybox.js","hash":"c857d7a5e4a5d71c743a009c5932bf84229db428","modified":499162500000},{"_id":"node_modules/hexo-theme-landscape/layout/_partial/archive-post.ejs","hash":"c7a71425a946d05414c069ec91811b5c09a92c47","modified":499162500000},{"_id":"node_modules/hexo-theme-landscape/layout/_partial/after-footer.ejs","hash":"414914ebb159fac1922b056b905e570ac7521925","modified":499162500000},{"_id":"node_modules/hexo-theme-landscape/layout/_partial/archive.ejs","hash":"7cb70a7a54f8c7ae49b10d1f37c0a9b74eab8826","modified":499162500000},{"_id":"node_modules/hexo-theme-landscape/layout/_partial/footer.ejs","hash":"3656eb692254346671abc03cb3ba1459829e0dce","modified":499162500000},{"_id":"node_modules/hexo-theme-landscape/layout/_partial/article.ejs","hash":"dfd555c00e85ffc4207c88968d12b219c1f086ec","modified":499162500000},{"_id":"node_modules/hexo-theme-landscape/layout/_partial/gauges-analytics.ejs","hash":"21a1e2a3907d1a3dad1cd0ab855fe6735f233c74","modified":499162500000},{"_id":"node_modules/hexo-theme-landscape/layout/_partial/google-analytics.ejs","hash":"2ea7442ea1e1a8ab4e41e26c563f58413b59a3d0","modified":499162500000},{"_id":"node_modules/hexo-theme-landscape/layout/_partial/head.ejs","hash":"f215d92a882247a7cc5ea80b241bedfcec0ea6ca","modified":499162500000},{"_id":"node_modules/hexo-theme-landscape/layout/_partial/header.ejs","hash":"c1acd247e14588cdf101a69460cb8319c18cd078","modified":499162500000},{"_id":"node_modules/hexo-theme-landscape/layout/_partial/mobile-nav.ejs","hash":"e952a532dfc583930a666b9d4479c32d4a84b44e","modified":499162500000},{"_id":"node_modules/hexo-theme-landscape/layout/_partial/sidebar.ejs","hash":"930da35cc2d447a92e5ee8f835735e6fd2232469","modified":499162500000},{"_id":"node_modules/hexo-theme-landscape/layout/_widget/archive.ejs","hash":"beb4a86fcc82a9bdda9289b59db5a1988918bec3","modified":499162500000},{"_id":"node_modules/hexo-theme-landscape/layout/_widget/category.ejs","hash":"dd1e5af3c6af3f5d6c85dfd5ca1766faed6a0b05","modified":499162500000},{"_id":"node_modules/hexo-theme-landscape/layout/_widget/recent_posts.ejs","hash":"60c4b012dcc656438ff59997e60367e5a21ab746","modified":499162500000},{"_id":"node_modules/hexo-theme-landscape/layout/_widget/tagcloud.ejs","hash":"b4a2079101643f63993dcdb32925c9b071763b46","modified":499162500000},{"_id":"node_modules/hexo-theme-landscape/layout/_widget/tag.ejs","hash":"2de380865df9ab5f577f7d3bcadf44261eb5faae","modified":499162500000},{"_id":"node_modules/hexo-theme-landscape/source/css/_extend.styl","hash":"222fbe6d222531d61c1ef0f868c90f747b1c2ced","modified":499162500000},{"_id":"node_modules/hexo-theme-landscape/source/css/_variables.styl","hash":"581b0cbefdaa5f894922133989dd2d3bf71ded79","modified":499162500000},{"_id":"node_modules/hexo-theme-landscape/source/css/style.styl","hash":"9c451e5efd72c5bb8b56e8c2b94be731e99db05b","modified":499162500000},{"_id":"node_modules/hexo-theme-landscape/source/fancybox/jquery.fancybox.min.css","hash":"1be9b79be02a1cfc5d96c4a5e0feb8f472babd95","modified":499162500000},{"_id":"node_modules/hexo-theme-landscape/source/js/script.js","hash":"998ed4c5b147e1299bf62beebf33514474f28112","modified":499162500000},{"_id":"node_modules/hexo-theme-landscape/layout/_partial/post/category.ejs","hash":"c6bcd0e04271ffca81da25bcff5adf3d46f02fc0","modified":499162500000},{"_id":"node_modules/hexo-theme-landscape/layout/_partial/post/nav.ejs","hash":"16a904de7bceccbb36b4267565f2215704db2880","modified":499162500000},{"_id":"node_modules/hexo-theme-landscape/layout/_partial/post/gallery.ejs","hash":"3d9d81a3c693ff2378ef06ddb6810254e509de5b","modified":499162500000},{"_id":"node_modules/hexo-theme-landscape/layout/_partial/post/date.ejs","hash":"f1458584b679545830b75bef2526e2f3eb931045","modified":499162500000},{"_id":"node_modules/hexo-theme-landscape/layout/_partial/post/tag.ejs","hash":"2fcb0bf9c8847a644167a27824c9bb19ac74dd14","modified":499162500000},{"_id":"node_modules/hexo-theme-landscape/layout/_partial/post/title.ejs","hash":"4d7e62574ddf46de9b41605fe3140d77b5ddb26d","modified":499162500000},{"_id":"node_modules/hexo-theme-landscape/source/css/_partial/archive.styl","hash":"db15f5677dc68f1730e82190bab69c24611ca292","modified":499162500000},{"_id":"node_modules/hexo-theme-landscape/source/css/_partial/comment.styl","hash":"79d280d8d203abb3bd933ca9b8e38c78ec684987","modified":499162500000},{"_id":"node_modules/hexo-theme-landscape/source/css/_partial/article.styl","hash":"80759482d07063c091e940f964a1cf6693d3d406","modified":499162500000},{"_id":"node_modules/hexo-theme-landscape/source/css/_partial/footer.styl","hash":"e35a060b8512031048919709a8e7b1ec0e40bc1b","modified":499162500000},{"_id":"node_modules/hexo-theme-landscape/source/css/_partial/header.styl","hash":"85ab11e082f4dd86dde72bed653d57ec5381f30c","modified":499162500000},{"_id":"node_modules/hexo-theme-landscape/source/css/_partial/highlight.styl","hash":"bf4e7be1968dad495b04e83c95eac14c4d0ad7c0","modified":499162500000},{"_id":"node_modules/hexo-theme-landscape/source/css/_partial/mobile.styl","hash":"a399cf9e1e1cec3e4269066e2948d7ae5854d745","modified":499162500000},{"_id":"node_modules/hexo-theme-landscape/source/css/_partial/sidebar-aside.styl","hash":"890349df5145abf46ce7712010c89237900b3713","modified":499162500000},{"_id":"node_modules/hexo-theme-landscape/source/css/_partial/sidebar-bottom.styl","hash":"8fd4f30d319542babfd31f087ddbac550f000a8a","modified":499162500000},{"_id":"node_modules/hexo-theme-landscape/source/css/_partial/sidebar.styl","hash":"404ec059dc674a48b9ab89cd83f258dec4dcb24d","modified":499162500000},{"_id":"node_modules/hexo-theme-landscape/source/css/_util/grid.styl","hash":"0bf55ee5d09f193e249083602ac5fcdb1e571aed","modified":499162500000},{"_id":"node_modules/hexo-theme-landscape/source/css/_util/mixin.styl","hash":"44f32767d9fd3c1c08a60d91f181ee53c8f0dbb3","modified":499162500000},{"_id":"node_modules/hexo-theme-landscape/source/fancybox/jquery.fancybox.min.js","hash":"6181412e73966696d08e1e5b1243a572d0f22ba6","modified":499162500000},{"_id":"node_modules/hexo-theme-landscape/source/js/jquery-3.4.1.min.js","hash":"88523924351bac0b5d560fe0c5781e2556e7693d","modified":499162500000},{"_id":"node_modules/hexo-theme-landscape/source/css/fonts/fontawesome-webfont.woff","hash":"28b782240b3e76db824e12c02754a9731a167527","modified":499162500000},{"_id":"node_modules/hexo-theme-landscape/source/css/fonts/fontawesome-webfont.woff2","hash":"d6f48cba7d076fb6f2fd6ba993a75b9dc1ecbf0c","modified":499162500000},{"_id":"node_modules/hexo-theme-landscape/source/css/fonts/FontAwesome.otf","hash":"048707bc52ac4b6563aaa383bfe8660a0ddc908c","modified":499162500000},{"_id":"node_modules/hexo-theme-landscape/source/css/fonts/fontawesome-webfont.eot","hash":"d980c2ce873dc43af460d4d572d441304499f400","modified":499162500000},{"_id":"node_modules/hexo-theme-landscape/source/css/fonts/fontawesome-webfont.ttf","hash":"13b1eab65a983c7a73bc7997c479d66943f7c6cb","modified":499162500000},{"_id":"node_modules/hexo-theme-landscape/source/css/images/banner.jpg","hash":"f44aa591089fcb3ec79770a1e102fd3289a7c6a6","modified":499162500000},{"_id":"node_modules/hexo-theme-landscape/source/css/fonts/fontawesome-webfont.svg","hash":"98a8aa5cf7d62c2eff5f07ede8d844b874ef06ed","modified":499162500000},{"_id":"source/about/index.md","hash":"a33f8de2512792210675ef2ddfeb74c0bab87dc4","modified":1653891025419},{"_id":"source/about/me.md","hash":"c0e88afe108db7e0e753db210f030e66cc81d87c","modified":1653888939030},{"_id":"source/_posts/myblogpost1.md","hash":"b68240fc63f5ecd1576f4be216612bce119f9b7a","modified":1653895846759},{"_id":"source/_posts/about/me.md","hash":"4f7e5b0b75406fa0fecede4b2e70c5c633bec639","modified":1653887534296},{"_id":"source/image/shoapp.JPG","hash":"ce86c3b5802f5548e2c5101f3b0bfddab10ee7db","modified":1653887828987},{"_id":"source/llk/index.md","hash":"0edfd2a4457b388b8d8b0fcc841b12967162c09b","modified":1653890679595},{"_id":"source/_posts/myblogpost2.md","hash":"f77d08d64cce37bf9317dd19c19ae44e786d45e7","modified":1653895553653},{"_id":"source/image/Fırsat.JPG","hash":"fbc0e1285e4abb4b34308dc00d7215cc503d0ad2","modified":1653891412055},{"_id":"source/message-board/index.md","hash":"e8b1ff3cffa7cd57a4c373de2e96a4da6c849317","modified":1653892846734},{"_id":"source/tags/index.md","hash":"dbc4c1ffa9e889792f37ef7d7ba33f4731f449fb","modified":1653893009534},{"_id":"themes/next/.editorconfig","hash":"731c650ddad6eb0fc7c3d4a91cad1698fe7ad311","modified":1653895040584},{"_id":"themes/next/.eslintrc.json","hash":"d3c11de434171d55d70daadd3914bc33544b74b8","modified":1653895040584},{"_id":"themes/next/.gitattributes","hash":"3e00e1fb043438cd820d94ee3dc9ffb6718996f3","modified":1653895040584},{"_id":"themes/next/.gitignore","hash":"83418530da80e6a78501e1d62a89c3bf5cbaec3d","modified":1653895040590},{"_id":"themes/next/.stylintrc","hash":"6259e2a0b65d46865ab89564b88fc67638668295","modified":1653895040591},{"_id":"themes/next/.travis.yml","hash":"379f31a140ce41e441442add6f673bf397d863ea","modified":1653895040591},{"_id":"themes/next/LICENSE.md","hash":"0a9c7399f102b4eb0a6950dd31264be421557c7d","modified":1653895040591},{"_id":"themes/next/_config.yml","hash":"e5d4ee5c53dad5ca46ce27ee54043d327abd52ee","modified":1653895040592},{"_id":"themes/next/README.md","hash":"7d56751b580d042559b2acf904fca4b42bcb30a7","modified":1653895040592},{"_id":"themes/next/crowdin.yml","hash":"4a53f5985e545c635cb56b2a57ed290cb8cf8942","modified":1653895040593},{"_id":"themes/next/gulpfile.js","hash":"0c76a1ac610ee8cbe8e2cc9cca1c925ffd0edf98","modified":1653895040602},{"_id":"themes/next/package.json","hash":"b099e7cea4406e209130410d13de87988ba37b2a","modified":1653895040638},{"_id":"themes/next/.github/CODE_OF_CONDUCT.md","hash":"778b7e052993ed59f21ed266ba7119ee2e5253fb","modified":1653895040585},{"_id":"themes/next/.github/CONTRIBUTING.md","hash":"5ddde54fb50d11dc08cec899a3588addb56aa386","modified":1653895040585},{"_id":"themes/next/.github/PULL_REQUEST_TEMPLATE.md","hash":"d2f8e6b65783e31787feb05d2ccea86151f53f35","modified":1653895040587},{"_id":"themes/next/.github/config.yml","hash":"df3d970700e6b409edc3d23be8d553db78d5ba3f","modified":1653895040588},{"_id":"themes/next/.github/issue-close-app.yml","hash":"b14756e65546eb9ecc9d4393f0c9a84a3dac1824","modified":1653895040588},{"_id":"themes/next/.github/lock.yml","hash":"3ce3d0a26030a1cd52b273cc6a6d444d7c8d85c2","modified":1653895040589},{"_id":"themes/next/.github/issue_label_bot.yaml","hash":"533fbe6b2f87d7e7ec6949063bb7ea7eb4fbe52d","modified":1653895040588},{"_id":"themes/next/.github/mergeable.yml","hash":"1c1cb77a62df1e3654b151c2da34b4a10d351170","modified":1653895040589},{"_id":"themes/next/.github/release-drafter.yml","hash":"09c3352b2d643acdc6839601ceb38abc38ab97c5","modified":1653895040589},{"_id":"themes/next/.github/stale.yml","hash":"590b65aca710e0fba75d3cf5361a64d13b6b0f63","modified":1653895040590},{"_id":"themes/next/.github/support.yml","hash":"7ce2722d6904c31a086444c422dc49b6aa310651","modified":1653895040590},{"_id":"themes/next/docs/AGPL3.md","hash":"f463f95b169d64983f59fa6f3e4b6760290a0e6b","modified":1653895040593},{"_id":"themes/next/docs/ALGOLIA-SEARCH.md","hash":"60c7e9ef0c578deebad43e9395c958fa61096baf","modified":1653895040594},{"_id":"themes/next/docs/DATA-FILES.md","hash":"980fb8d37701f7fd96b30bb911519de3bbb473d1","modified":1653895040594},{"_id":"themes/next/docs/AUTHORS.md","hash":"cde7cc095ac31b421a573042cf61060f90d9ad0d","modified":1653895040594},{"_id":"themes/next/docs/INSTALLATION.md","hash":"07ea00bee149a1bdc9073e903ee6b411e9f2f818","modified":1653895040595},{"_id":"themes/next/docs/LEANCLOUD-COUNTER-SECURITY.md","hash":"6cc663db5e99fd86bb993c10d446ad26ada88e58","modified":1653895040595},{"_id":"themes/next/docs/LICENSE.txt","hash":"ae5ad07e4f4106bad55535dba042221539e6c7f9","modified":1653895040596},{"_id":"themes/next/docs/MATH.md","hash":"f56946053ade0915ff7efa74d43c38b8dd9e63bb","modified":1653895040596},{"_id":"themes/next/docs/UPDATE-FROM-5.1.X.md","hash":"1e86d32063b490d204baa9d45d8d3cb22c24a37d","modified":1653895040596},{"_id":"themes/next/languages/ar.yml","hash":"abcf220bd615cec0dd50e4d98da56580169d77e1","modified":1653895040602},{"_id":"themes/next/languages/de.yml","hash":"15078b7ede1b084e8a6a15d271f0db9c325bd698","modified":1653895040603},{"_id":"themes/next/languages/es.yml","hash":"f064c793d56a5e0f20cda93b6f0e355044efc7d8","modified":1653895040604},{"_id":"themes/next/languages/default.yml","hash":"ea5e6aee4cb14510793ac4593a3bddffe23e530c","modified":1653895040603},{"_id":"themes/next/languages/en.yml","hash":"dbb64776f9c001c54d0058256c415a9a0724ed5d","modified":1653895040603},{"_id":"themes/next/languages/fr.yml","hash":"3e2f89d4bb4441d33ecc7b5a4ee114f627603391","modified":1653895040604},{"_id":"themes/next/languages/hu.yml","hash":"0ea89ffaefd02a10494995f05a2a59d5e5679a28","modified":1653895040605},{"_id":"themes/next/languages/fa.yml","hash":"6c0a7d5bcc26eb45a9f3e02f13117c668e77fffd","modified":1653895040604},{"_id":"themes/next/languages/it.yml","hash":"46222f468e66789e9ba13095809eb5e5b63edf30","modified":1653895040605},{"_id":"themes/next/languages/id.yml","hash":"7599bb0ecf278beb8fde3d17bfc148a3241aef82","modified":1653895040605},{"_id":"themes/next/languages/ko.yml","hash":"af4be6cb394abd4e2e9a728418897d2ed4cc5315","modified":1653895040606},{"_id":"themes/next/languages/ja.yml","hash":"bf279d0eb1911806d01a12f27261fbc76a3bb3f9","modified":1653895040606},{"_id":"themes/next/languages/nl.yml","hash":"9749cf90b250e631dd550a4f32ada3bb20f66dd0","modified":1653895040607},{"_id":"themes/next/languages/pt-BR.yml","hash":"69aa3bef5710b61dc9a0f3b3a8f52f88c4d08c00","modified":1653895040607},{"_id":"themes/next/languages/pt.yml","hash":"f6606dd0b916a465c233f24bd9a70adce34dc8d6","modified":1653895040607},{"_id":"themes/next/languages/ru.yml","hash":"012abc694cf9de281a0610f95f79c594f0a16562","modified":1653895040607},{"_id":"themes/next/languages/tr.yml","hash":"c4e9ab7e047ae13a19f147c6bec163c3ba2c6898","modified":1653895040608},{"_id":"themes/next/languages/uk.yml","hash":"69ef00b1b8225920fcefff6a6b6f2f3aad00b4ce","modified":1653895040608},{"_id":"themes/next/languages/vi.yml","hash":"6a578cc28773bd764f4418110500478f185d6efa","modified":1653895040609},{"_id":"themes/next/languages/zh-CN.yml","hash":"81d73e21402dad729053a3041390435f43136a68","modified":1653895040609},{"_id":"themes/next/languages/zh-HK.yml","hash":"92ccee40c234626bf0142152949811ebe39fcef2","modified":1653895040609},{"_id":"themes/next/languages/zh-TW.yml","hash":"cf0740648725983fb88409d6501876f8b79db41d","modified":1653895040610},{"_id":"themes/next/layout/_layout.swig","hash":"9554bd0f5c5a0438aa7b64065be5561c374d260e","modified":1653895040610},{"_id":"themes/next/layout/archive.swig","hash":"d9bca77f6dcfef71e300a294f731bead11ce199f","modified":1653895040636},{"_id":"themes/next/layout/category.swig","hash":"c546b017a956faaa5f5643c7c8a363af7ac9d6b9","modified":1653895040637},{"_id":"themes/next/layout/index.swig","hash":"8dfd96fb6f833dd5d037de800813105654e8e8e6","modified":1653895040637},{"_id":"themes/next/layout/page.swig","hash":"357d916694d4c9a0fd1140fa56d3d17e067d8b52","modified":1653895040637},{"_id":"themes/next/layout/post.swig","hash":"5f0b5ba2e0a5b763be5e7e96611865e33bba24d7","modified":1653895040638},{"_id":"themes/next/layout/tag.swig","hash":"d44ff8755727f6532e86fc9fc8dc631200ffe161","modified":1653895040638},{"_id":"themes/next/scripts/renderer.js","hash":"e3658eea97b1183ee2e9f676231e53f7994741f6","modified":1653895040647},{"_id":"themes/next/.github/ISSUE_TEMPLATE/feature-request.md","hash":"6beeca0f45a429cd932b6e648617f548ff64c27c","modified":1653895040586},{"_id":"themes/next/.github/ISSUE_TEMPLATE/bug-report.md","hash":"e67146befddec3a0dc47dc80d1109070c71d5d04","modified":1653895040586},{"_id":"themes/next/.github/ISSUE_TEMPLATE/other.md","hash":"d5aa1a3323639a36bcd9a401484b67537043cd3c","modified":1653895040587},{"_id":"themes/next/.github/ISSUE_TEMPLATE/question.md","hash":"59275aa0582f793fee7be67904dcf52ad33a7181","modified":1653895040587},{"_id":"themes/next/docs/ru/DATA-FILES.md","hash":"54e6a067ed95268eab6be2ba040a7e9b1907928e","modified":1653895040597},{"_id":"themes/next/docs/ru/INSTALLATION.md","hash":"a9cfe5ac9ef727a8650b2b6584482751a26b1460","modified":1653895040597},{"_id":"themes/next/docs/ru/README.md","hash":"1e5ddb26ad6f931f8c06ce2120f257ff38b74fdf","modified":1653895040597},{"_id":"themes/next/docs/ru/UPDATE-FROM-5.1.X.md","hash":"cb8e39c377fc4a14aaf133b4d1338a48560e9e65","modified":1653895040598},{"_id":"themes/next/docs/zh-CN/ALGOLIA-SEARCH.md","hash":"3202be9a8d31986caac640e7a4c7ce22e99917eb","modified":1653895040598},{"_id":"themes/next/docs/zh-CN/CODE_OF_CONDUCT.md","hash":"7e6f227f2aaf30f400d4c065650a4e3d0d61b9e1","modified":1653895040599},{"_id":"themes/next/docs/zh-CN/CONTRIBUTING.md","hash":"611f2930c2b281b80543531b1bf33d082531456a","modified":1653895040599},{"_id":"themes/next/docs/zh-CN/DATA-FILES.md","hash":"2d868cd271d78b08775e28c5b976de8836da4455","modified":1653895040600},{"_id":"themes/next/docs/zh-CN/INSTALLATION.md","hash":"716111dd36d276f463c707dfcc9937fea2a1cf7a","modified":1653895040600},{"_id":"themes/next/docs/zh-CN/LEANCLOUD-COUNTER-SECURITY.md","hash":"50ab381c27611d5bf97bb3907b5ca9998f28187d","modified":1653895040600},{"_id":"themes/next/docs/zh-CN/MATH.md","hash":"0d46f9f50cf2e4183970adce705d1041155b0d37","modified":1653895040601},{"_id":"themes/next/docs/zh-CN/README.md","hash":"8f7c0d0b766024152591d4ccfac715c8e18b37f3","modified":1653895040601},{"_id":"themes/next/docs/zh-CN/UPDATE-FROM-5.1.X.md","hash":"b3201934b966bc731eaf8a4dad4ba4bdcd300c10","modified":1653895040602},{"_id":"themes/next/layout/_macro/post-collapse.swig","hash":"30ade8c806d7826cc50a4a3e46a9e6213fddf333","modified":1653895040611},{"_id":"themes/next/layout/_macro/post.swig","hash":"c3fd56bac90ce45a0c79ddfe68beb223ad0d72b4","modified":1653895040611},{"_id":"themes/next/layout/_macro/sidebar.swig","hash":"5bffdb1448caca7db7b1f84e1693e6657a106d50","modified":1653895040611},{"_id":"themes/next/layout/_partials/comments.swig","hash":"142efb4c6b73d8f736f6784804b40d5871333172","modified":1653895040612},{"_id":"themes/next/layout/_partials/footer.swig","hash":"e031914c98f082d918ece4c35fdd0a5be1c4e845","modified":1653895040612},{"_id":"themes/next/layout/_partials/languages.swig","hash":"c3ea82604a5853fb44c5f4e4663cbe912aa5dcf8","modified":1653895040616},{"_id":"themes/next/layout/_partials/pagination.swig","hash":"2de77d533c91532a8a4052000244d0c1693370df","modified":1653895040617},{"_id":"themes/next/layout/_partials/widgets.swig","hash":"5392dcbb504266f0f61d5b8219914068ef9cdc25","modified":1653895040621},{"_id":"themes/next/layout/_third-party/baidu-push.swig","hash":"28b0a7e843ec4365db1963646659a153753cd746","modified":1653895040627},{"_id":"themes/next/layout/_third-party/index.swig","hash":"c6b63cbc80938e6e09578b8c67e01adf13a9e3bd","modified":1653895040630},{"_id":"themes/next/layout/_third-party/quicklink.swig","hash":"5ae5adcd6f63ed98b2071e4f7e5e38c4d7d24e1b","modified":1653895040632},{"_id":"themes/next/layout/_third-party/rating.swig","hash":"269102fc5e46bd1ce75abdcce161f0570ae70e2f","modified":1653895040632},{"_id":"themes/next/layout/_scripts/index.swig","hash":"1822eaf55bbb4bec88871c324fc18ad95580ccb4","modified":1653895040621},{"_id":"themes/next/layout/_scripts/noscript.swig","hash":"7b9e0f776a5be6c3f95bc7f394e1424ba02ba93b","modified":1653895040621},{"_id":"themes/next/layout/_scripts/pjax.swig","hash":"ccff5a773644d33ff22f6b45b6734f52b048f22b","modified":1653895040622},{"_id":"themes/next/layout/_scripts/three.swig","hash":"6b092c6d882b2dfa5273e1b3f60b244cb7c29fcd","modified":1653895040624},{"_id":"themes/next/layout/_scripts/vendors.swig","hash":"244ca2d74ee0d497c87572c6a26b43c62a952673","modified":1653895040624},{"_id":"themes/next/scripts/events/index.js","hash":"5c355f10fe8c948a7f7cd28bd8120adb7595ebde","modified":1653895040639},{"_id":"themes/next/scripts/helpers/engine.js","hash":"eb6b8bbc1dce4846cd5e0fac0452dbff56d07b5d","modified":1653895040645},{"_id":"themes/next/scripts/helpers/font.js","hash":"8fb1c0fc745df28e20b96222974402aab6d13a79","modified":1653895040646},{"_id":"themes/next/scripts/helpers/next-config.js","hash":"b8d7ddfa4baa9b8d6b9066a634aa81c6243beec9","modified":1653895040646},{"_id":"themes/next/scripts/helpers/next-url.js","hash":"4044129368d0e2811859a9661cad8ab47118bc32","modified":1653895040646},{"_id":"themes/next/scripts/filters/default-injects.js","hash":"ad321db012cea520066deb0639335e9bc0dcc343","modified":1653895040643},{"_id":"themes/next/scripts/filters/front-matter.js","hash":"305d03c1e45782988809298c3e3b3c5d5ee438aa","modified":1653895040644},{"_id":"themes/next/scripts/filters/locals.js","hash":"a5e7d05d3bd2ae6dcffad5a8ea0f72c6e55dbd02","modified":1653895040644},{"_id":"themes/next/scripts/filters/minify.js","hash":"21196a48cb127bf476ce598f25f24e8a53ef50c2","modified":1653895040644},{"_id":"themes/next/scripts/filters/post.js","hash":"57f2d817578dd97e206942604365e936a49854de","modified":1653895040645},{"_id":"themes/next/scripts/tags/button.js","hash":"bb0e8abbc0a6d5b3a1a75a23976f2ac3075aab31","modified":1653895040647},{"_id":"themes/next/scripts/tags/center-quote.js","hash":"e2d0184bc4a557e1017395b80ff46880078d8537","modified":1653895040648},{"_id":"themes/next/scripts/tags/caniuse.js","hash":"840536754121e0da5968f5ad235f29200fc5d769","modified":1653895040647},{"_id":"themes/next/scripts/tags/group-pictures.js","hash":"93ccd3f99d3cb42674f29183c756df63acb5d7f8","modified":1653895040648},{"_id":"themes/next/scripts/tags/label.js","hash":"fc83f4e1be2c34e81cb79938f4f99973eba1ea60","modified":1653895040648},{"_id":"themes/next/scripts/tags/mermaid.js","hash":"81134494ff0134c0dae1b3815caf6606fccd4e46","modified":1653895040649},{"_id":"themes/next/scripts/tags/note.js","hash":"1fdf4f95810fdb983bfd5ad4c4f13fedd4ea2f8d","modified":1653895040649},{"_id":"themes/next/scripts/tags/pdf.js","hash":"37b53661ad00a01a2ca7d2e4a5ad3a926073f8e2","modified":1653895040649},{"_id":"themes/next/scripts/tags/tabs.js","hash":"c70a4a66fd0c28c98ccb6c5d5f398972e5574d28","modified":1653895040650},{"_id":"themes/next/scripts/tags/video.js","hash":"944293fec96e568d9b09bc1280d5dbc9ee1bbd17","modified":1653895040650},{"_id":"themes/next/source/css/_colors.styl","hash":"11aef31a8e76f0f332a274a8bfd4537b73d4f88f","modified":1653895040651},{"_id":"themes/next/source/css/_mixins.styl","hash":"072a3fa473c19b20ccd7536a656cda044dbdae0a","modified":1653895040675},{"_id":"themes/next/source/css/main.styl","hash":"815ef30987d02f3d76dbe4b5ee3a72135a152678","modified":1653895040684},{"_id":"themes/next/source/images/algolia_logo.svg","hash":"45eeea0b5fba833e21e38ea10ed5ab385ceb4f01","modified":1653895040685},{"_id":"themes/next/source/images/apple-touch-icon-next.png","hash":"2959dbc97f31c80283e67104fe0854e2369e40aa","modified":1653895040685},{"_id":"themes/next/source/images/avatar.gif","hash":"18c53e15eb0c84b139995f9334ed8522b40aeaf6","modified":1653895040685},{"_id":"themes/next/source/images/cc-by-nc-nd.svg","hash":"bc3588c9b2d7c68830524783120ff6cf957cf668","modified":1653895040686},{"_id":"themes/next/source/images/cc-by-nc-sa.svg","hash":"6f55543d1fb9cbc436c101d24f802dec7b41efc3","modified":1653895040686},{"_id":"themes/next/source/images/cc-by-nc.svg","hash":"6f076713fb9bf934aa2c1046bdf2cf2e37bc1eab","modified":1653895040687},{"_id":"themes/next/source/images/cc-by-nd.svg","hash":"42cd73da328077ccc92f859bb8f3cf621b3484f8","modified":1653895040687},{"_id":"themes/next/source/images/cc-by-sa.svg","hash":"70c1535f43e54e5ff35ca81419e77e4c0c301398","modified":1653895040687},{"_id":"themes/next/source/images/cc-by.svg","hash":"e92a33c32d1dac8ed94849b2b4e6456e887efe70","modified":1653895040687},{"_id":"themes/next/source/images/cc-zero.svg","hash":"9bfb52b2f63527a7049247bf00d44e6dc1170e7d","modified":1653895040688},{"_id":"themes/next/source/images/favicon-16x16-next.png","hash":"943a0d67a9cdf8c198109b28f9dbd42f761d11c3","modified":1653895040688},{"_id":"themes/next/source/images/favicon-32x32-next.png","hash":"0749d7b24b0d2fae1c8eb7f671ad4646ee1894b1","modified":1653895040688},{"_id":"themes/next/source/images/logo.svg","hash":"169f56fd82941591dad3abd734a50ec7259be950","modified":1653895040689},{"_id":"themes/next/source/js/algolia-search.js","hash":"6a813410e33824d7acc65a369a2983912bb3420c","modified":1653895040689},{"_id":"themes/next/source/js/bookmark.js","hash":"9f05fd3672789311dc0cf5b37e40dc654cb04a2a","modified":1653895040690},{"_id":"themes/next/source/js/local-search.js","hash":"cfa6a0f3f9c2bc759ee507668a21f4e8f250f42a","modified":1653895040690},{"_id":"themes/next/source/js/motion.js","hash":"d5aa1a08cdf3c8d1d8d550fb1801274cc41e5874","modified":1653895040690},{"_id":"themes/next/source/js/next-boot.js","hash":"250d8dcd6322e69e3fbadd0f3e37081c97b47c52","modified":1653895040691},{"_id":"themes/next/source/js/utils.js","hash":"26a82e46fdcadc7c3c2c56a7267284b61a26f7f3","modified":1653895040692},{"_id":"themes/next/source/lib/anime.min.js","hash":"960be51132134acd65c2017cc8a5d69cb419a0cd","modified":1653895040692},{"_id":"themes/next/layout/_partials/head/head-unique.swig","hash":"7d638e413f2548fc990c4a467dd03de6c81fc960","modified":1653895040613},{"_id":"themes/next/layout/_partials/head/head.swig","hash":"90cce9f407e9490756ba99580e3eb09f55b05eaa","modified":1653895040613},{"_id":"themes/next/layout/_partials/header/brand.swig","hash":"91056a6c98cca63ff8cc6956e531ee3faf4b8ad9","modified":1653895040614},{"_id":"themes/next/layout/_partials/header/index.swig","hash":"0dd316f153c492c0a03bd0273d50fa322bc81f11","modified":1653895040614},{"_id":"themes/next/layout/_partials/header/menu-item.swig","hash":"4baa86ca631168fc6388d27f4b1b501b40c877a8","modified":1653895040614},{"_id":"themes/next/layout/_partials/header/menu.swig","hash":"90d3eaba6fbe69bee465ddd67c467fd2c0239dc4","modified":1653895040615},{"_id":"themes/next/layout/_partials/header/sub-menu.swig","hash":"bed6cc2b48cf2655036ba39c9bae73a295228a4d","modified":1653895040615},{"_id":"themes/next/layout/_partials/page/breadcrumb.swig","hash":"91c0addb33006619faa4c32e5d66874e25f1e9b3","modified":1653895040616},{"_id":"themes/next/layout/_partials/page/page-header.swig","hash":"8d4e3dd0d3631ce0b21bc15c259f6ac886de631d","modified":1653895040616},{"_id":"themes/next/layout/_partials/post/post-copyright.swig","hash":"f2eb455c8bf13533427254f0c9b4b17b2498168b","modified":1653895040617},{"_id":"themes/next/layout/_partials/post/post-followme.swig","hash":"d8f785c062c6b0763a778bd4a252e6f5fee0e432","modified":1653895040618},{"_id":"themes/next/layout/_partials/post/post-footer.swig","hash":"ce712c110b5ce8aacba7a86b0558ff89700675c9","modified":1653895040618},{"_id":"themes/next/layout/_partials/post/post-related.swig","hash":"bc7b047a6246df07767373644b1637d91c3a88b1","modified":1653895040618},{"_id":"themes/next/layout/_partials/post/post-reward.swig","hash":"f349a226e5370075bb6924e60da8b0170c7cfcc1","modified":1653895040619},{"_id":"themes/next/layout/_partials/search/algolia-search.swig","hash":"98fd1f5df044f4534e1d4ca9ab092ba5761739a9","modified":1653895040619},{"_id":"themes/next/layout/_partials/search/index.swig","hash":"a6c761d5193cb6f22e9422dbbcf209e05471b0ed","modified":1653895040620},{"_id":"themes/next/layout/_partials/search/localsearch.swig","hash":"128f7d679bb4d53b29203d598d217f029a66dee7","modified":1653895040620},{"_id":"themes/next/layout/_partials/sidebar/site-overview.swig","hash":"7b2ef5db9615267a24b884388925de1e9b447c1f","modified":1653895040620},{"_id":"themes/next/layout/_third-party/analytics/baidu-analytics.swig","hash":"84adaadd83ce447fa9da2cff19006334c9fcbff9","modified":1653895040625},{"_id":"themes/next/layout/_third-party/analytics/google-analytics.swig","hash":"b8819bd056f8a580c5556d4415836a906ed5d7a4","modified":1653895040626},{"_id":"themes/next/layout/_third-party/analytics/growingio.swig","hash":"91c2cb900c76224c5814eeb842d1d5f517f9bf05","modified":1653895040626},{"_id":"themes/next/layout/_third-party/analytics/index.swig","hash":"85b60e222712ca3b2c4dc2039de2dc36b8d82940","modified":1653895040627},{"_id":"themes/next/layout/_third-party/chat/chatra.swig","hash":"2642e8aef5afbe23a2a76efdc955dab2ee04ed48","modified":1653895040627},{"_id":"themes/next/layout/_third-party/chat/tidio.swig","hash":"fb94ee487d75e484e59b7fba96e989f699ff8a83","modified":1653895040628},{"_id":"themes/next/layout/_third-party/comments/changyan.swig","hash":"9298e6d6c4a62a0862fc0f4060ed99779d7b68cb","modified":1653895040628},{"_id":"themes/next/layout/_third-party/comments/disqus.swig","hash":"1b29b99fa921f12c25d3dc95facdf84ef7bb1b5c","modified":1653895040629},{"_id":"themes/next/layout/_third-party/comments/disqusjs.swig","hash":"a42f97eda3748583bac2253c47fe5dfa54f07b8f","modified":1653895040629},{"_id":"themes/next/layout/_third-party/comments/gitalk.swig","hash":"606ad14a29320157df9b8f33738282c51bb393d9","modified":1653895040629},{"_id":"themes/next/layout/_third-party/comments/livere.swig","hash":"3d91899ca079e84d95087b882526d291e6f53918","modified":1653895040630},{"_id":"themes/next/layout/_third-party/comments/valine.swig","hash":"ae2707d6e47582bb470c075649ec7bad86a6d5a9","modified":1653895040630},{"_id":"themes/next/layout/_third-party/math/index.swig","hash":"59df21fcfe9d0ada8cee3188cb1075529c1c3eb8","modified":1653895040631},{"_id":"themes/next/layout/_third-party/math/katex.swig","hash":"276f523e414d4aa7f350a8f2fd3df8a3d8ea9656","modified":1653895040631},{"_id":"themes/next/layout/_third-party/math/mathjax.swig","hash":"1f34b2d3c753a3589ab6c462880bd4eb7df09914","modified":1653895040631},{"_id":"themes/next/layout/_third-party/search/algolia-search.swig","hash":"fd726aad77a57b288f07d6998ec29291c67c7cbb","modified":1653895040633},{"_id":"themes/next/layout/_third-party/search/localsearch.swig","hash":"58296a5c1883f26464c2a5ccf734c19f5fbf395a","modified":1653895040633},{"_id":"themes/next/layout/_third-party/search/swiftype.swig","hash":"aa6ab95b8b76611694613defb4bf25003d1b927f","modified":1653895040633},{"_id":"themes/next/layout/_third-party/statistics/busuanzi-counter.swig","hash":"d2f0e4c598410ec33785abe302c7ea7492bb791a","modified":1653895040634},{"_id":"themes/next/layout/_third-party/statistics/cnzz-analytics.swig","hash":"53a0760c75d5aaabb3ce8e8aa8e003510d59807f","modified":1653895040634},{"_id":"themes/next/layout/_third-party/statistics/firestore.swig","hash":"01d94354d07e72cad47100482068b6be69fcc033","modified":1653895040634},{"_id":"themes/next/layout/_third-party/statistics/index.swig","hash":"964cd6bac668cf6d211a2624fbef3948cfdece55","modified":1653895040635},{"_id":"themes/next/layout/_third-party/statistics/lean-analytics.swig","hash":"c171ea94e9afbba97f06856904264da331559463","modified":1653895040635},{"_id":"themes/next/layout/_third-party/tags/mermaid.swig","hash":"619338ddacf01e3df812e66a997e778f672f4726","modified":1653895040636},{"_id":"themes/next/layout/_third-party/tags/pdf.swig","hash":"5a223b60406cee7438cfe3a5e41d1284425aa7a5","modified":1653895040636},{"_id":"themes/next/layout/_scripts/pages/schedule.swig","hash":"34c05e9d73b0f081db70990c296b6d6a0f8ea2ca","modified":1653895040622},{"_id":"themes/next/layout/_scripts/schemes/gemini.swig","hash":"34495d408e8467555afee489500b8aad98c52079","modified":1653895040623},{"_id":"themes/next/layout/_scripts/schemes/mist.swig","hash":"0b44f400ec00d2b5add5ee96c11d22465c432376","modified":1653895040623},{"_id":"themes/next/layout/_scripts/schemes/pisces.swig","hash":"34495d408e8467555afee489500b8aad98c52079","modified":1653895040624},{"_id":"themes/next/layout/_scripts/schemes/muse.swig","hash":"0b44f400ec00d2b5add5ee96c11d22465c432376","modified":1653895040623},{"_id":"themes/next/scripts/events/lib/config.js","hash":"aefe3b38a22bc155d485e39187f23e4f2ee5680a","modified":1653895040639},{"_id":"themes/next/scripts/events/lib/injects-point.js","hash":"08496b71c9939718e7955704d219e44d7109247b","modified":1653895040640},{"_id":"themes/next/scripts/events/lib/injects.js","hash":"e73f697bb160b223fdde783237148be5f41c1d78","modified":1653895040640},{"_id":"themes/next/scripts/filters/comment/changyan.js","hash":"2f22f48f7370470cef78561a47c2a47c78035385","modified":1653895040641},{"_id":"themes/next/scripts/filters/comment/common.js","hash":"713056d33dbcd8e9748205c5680b456c21174f4e","modified":1653895040641},{"_id":"themes/next/scripts/filters/comment/default-config.js","hash":"0c3bea89d64bc12c1bbe6f208a83773c6fb5375a","modified":1653895040641},{"_id":"themes/next/scripts/filters/comment/disqusjs.js","hash":"67cf90d9a2428c14eb113a64bdd213c22a019aef","modified":1653895040642},{"_id":"themes/next/scripts/filters/comment/disqus.js","hash":"3a80559df0b670ccb065ea9d3bb587d0b61be3a4","modified":1653895040642},{"_id":"themes/next/scripts/filters/comment/gitalk.js","hash":"323a47df6ded894944a2647db44556d6163e67c4","modified":1653895040642},{"_id":"themes/next/scripts/filters/comment/livere.js","hash":"a4f3153ac76a7ffdf6cc70f52f1b2cc218ed393e","modified":1653895040643},{"_id":"themes/next/scripts/filters/comment/valine.js","hash":"851359f5ff90f733a9bd7fe677edbee8b8ac714c","modified":1653895040643},{"_id":"themes/next/source/css/_variables/Gemini.styl","hash":"583ff1e7a2ca889f1f54eb0ca793894466823c7c","modified":1653895040682},{"_id":"themes/next/source/css/_variables/Mist.styl","hash":"5980abbbbeacd8541121f436fa414d24ad5e97c2","modified":1653895040683},{"_id":"themes/next/source/css/_variables/Muse.styl","hash":"c22b58af3327236ec54d5706501aa5a20e15012e","modified":1653895040683},{"_id":"themes/next/source/css/_variables/Pisces.styl","hash":"4e33774b1fe6d0a51f3a428c54c5e600e83bf154","modified":1653895040683},{"_id":"themes/next/source/css/_variables/base.styl","hash":"ad680efdfb2f86546182bf3f59886efbcf3c1b2d","modified":1653895040684},{"_id":"themes/next/source/js/schemes/muse.js","hash":"a18559a9c332199efad0100cf84bb0c23fc0f17a","modified":1653895040691},{"_id":"themes/next/source/js/schemes/pisces.js","hash":"b85a6e2af1387fe64b51e7cd3e2da8616e6f5a3f","modified":1653895040691},{"_id":"themes/next/source/lib/velocity/velocity.min.js","hash":"bf172816a9c57f9040e3d19c24e181a142daf92b","modified":1653895040696},{"_id":"themes/next/source/lib/velocity/velocity.ui.min.js","hash":"dde584994ac13dc601836e86f4cf490e418d9723","modified":1653895040696},{"_id":"themes/next/source/css/_common/components/back-to-top.styl","hash":"0534b329d279a6f255112b3305ff92c810f31724","modified":1653895040652},{"_id":"themes/next/source/css/_common/components/back-to-top-sidebar.styl","hash":"510a6f0ba7485dd54ce347cca890ab52c4957081","modified":1653895040651},{"_id":"themes/next/source/css/_common/components/components.styl","hash":"d17236df3b4d6def1e4e81133ef4729c390de3ac","modified":1653895040652},{"_id":"themes/next/source/css/_common/components/reading-progress.styl","hash":"c52648a7b09f9fe37858f5694fcc1ffc709ad147","modified":1653895040659},{"_id":"themes/next/source/css/_common/outline/mobile.styl","hash":"a2ee16cac29a82cfce26804c160286fcbee94161","modified":1653895040664},{"_id":"themes/next/source/css/_common/outline/outline.styl","hash":"7a95c27762e1303bf06ee808c63f616cb192fcaf","modified":1653895040664},{"_id":"themes/next/source/css/_common/scaffolding/base.styl","hash":"5540c9259cb7895a5f10a289c7937e5470a7c134","modified":1653895040668},{"_id":"themes/next/source/css/_common/scaffolding/buttons.styl","hash":"45f4badac6ec45cf24355f6157aece1d4d3f1134","modified":1653895040668},{"_id":"themes/next/source/css/_common/scaffolding/comments.styl","hash":"4b068d0d898f4e624937503f0e1428993050bd65","modified":1653895040669},{"_id":"themes/next/source/css/_common/scaffolding/pagination.styl","hash":"b619f39e18398422e0ac4999d8f042a5eaebe9cd","modified":1653895040671},{"_id":"themes/next/source/css/_common/scaffolding/normalize.styl","hash":"6d740699fb6a7640647a8fd77c4ea4992d8d6437","modified":1653895040671},{"_id":"themes/next/source/css/_common/scaffolding/tables.styl","hash":"f317d2e3886e94f5fbb8781c2e68edd19669ff58","modified":1653895040672},{"_id":"themes/next/source/css/_common/scaffolding/scaffolding.styl","hash":"43045d115f8fe95732c446aa45bf1c97609ff2a5","modified":1653895040672},{"_id":"themes/next/source/css/_common/scaffolding/toggles.styl","hash":"20e0e3e3eba384930c022e21511214d244b4c9e7","modified":1653895040675},{"_id":"themes/next/source/css/_schemes/Mist/_header.styl","hash":"b9e87d32da24264bda247c1526afe140c858b0ef","modified":1653895040676},{"_id":"themes/next/source/css/_schemes/Mist/_layout.styl","hash":"12b265f82840f27112ca2b1be497677f20f87545","modified":1653895040677},{"_id":"themes/next/source/css/_schemes/Mist/_menu.styl","hash":"716e8b0f056bf6393e6bc6969ac84598ab8e7a6f","modified":1653895040677},{"_id":"themes/next/source/css/_schemes/Mist/index.styl","hash":"c5142739e01e9f25c8b32b2209af85c787bb2b42","modified":1653895040678},{"_id":"themes/next/source/css/_schemes/Mist/_posts-expand.styl","hash":"e1c29b81a32273a0dedd926cda199a71aea72624","modified":1653895040677},{"_id":"themes/next/source/css/_schemes/Gemini/index.styl","hash":"e342b8f8e11a3a6aa5a029912c9778c25bf5d135","modified":1653895040676},{"_id":"themes/next/source/css/_schemes/Muse/_header.styl","hash":"8674bd88df076a1dfe4023ed6750ded1f5b00223","modified":1653895040678},{"_id":"themes/next/source/css/_schemes/Muse/_layout.styl","hash":"49c76bc723d3952abb613d9d68398ed7305da999","modified":1653895040678},{"_id":"themes/next/source/css/_schemes/Muse/_menu.styl","hash":"4b7f057dbb53efd7cbe7eac7835a793ab3cbb135","modified":1653895040679},{"_id":"themes/next/source/css/_schemes/Muse/_sidebar.styl","hash":"9898323ee5a7ac2a5d4f633c653112280beb2643","modified":1653895040679},{"_id":"themes/next/source/css/_schemes/Muse/_sub-menu.styl","hash":"2d3e05015796a790abd9d68957a5c698c0c9f9b6","modified":1653895040679},{"_id":"themes/next/source/css/_schemes/Muse/index.styl","hash":"25c2a7930da14f023329df20f38df2728057fb4d","modified":1653895040680},{"_id":"themes/next/source/css/_schemes/Pisces/_header.styl","hash":"558794fced306339b98dc2b0ee7f0576802f1355","modified":1653895040680},{"_id":"themes/next/source/css/_schemes/Pisces/_layout.styl","hash":"5de34e1d8a290751641ae456c942410852d5e809","modified":1653895040680},{"_id":"themes/next/source/css/_schemes/Pisces/_menu.styl","hash":"0a9f0d9eb042595502d200fb8c65efb0e6c89aa9","modified":1653895040681},{"_id":"themes/next/source/css/_schemes/Pisces/_sidebar.styl","hash":"dc9318992ce2eb086ebaa2fe56b325e56d24098b","modified":1653895040681},{"_id":"themes/next/source/css/_schemes/Pisces/_sub-menu.styl","hash":"b69ac38b9da8c9c1b7de696fdeea7f9d7705213a","modified":1653895040681},{"_id":"themes/next/source/css/_schemes/Pisces/index.styl","hash":"25c2a7930da14f023329df20f38df2728057fb4d","modified":1653895040682},{"_id":"themes/next/source/lib/font-awesome/css/all.min.css","hash":"82e34d28f8a1169b20b60101d5bb0446deba3514","modified":1653895040693},{"_id":"themes/next/source/lib/font-awesome/webfonts/fa-regular-400.woff2","hash":"260bb01acd44d88dcb7f501a238ab968f86bef9e","modified":1653895040694},{"_id":"themes/next/source/css/_common/components/pages/breadcrumb.styl","hash":"236a039b0900f4267de566b46f62314ad967d30f","modified":1653895040652},{"_id":"themes/next/source/css/_common/components/pages/categories.styl","hash":"18edddb2ffb3f85a68e4367f81e06c461e07bc25","modified":1653895040653},{"_id":"themes/next/source/css/_common/components/pages/pages.styl","hash":"6cf78a379bb656cc0abb4ab80fcae60152ce41ad","modified":1653895040653},{"_id":"themes/next/source/css/_common/components/pages/tag-cloud.styl","hash":"97974c231b4659b8aa5e9321c4d54db5c816d0db","modified":1653895040654},{"_id":"themes/next/source/css/_common/components/pages/schedule.styl","hash":"f6f05f02d50f742c84ee5122016c0563a8bb2cf9","modified":1653895040654},{"_id":"themes/next/source/css/_common/components/post/post-collapse.styl","hash":"a52f8cae599099231866298ed831fdf76c9b6717","modified":1653895040654},{"_id":"themes/next/source/css/_common/components/post/post-copyright.styl","hash":"9af620eba5ccceea21a0e3bc69f6f1fa7637c2f3","modified":1653895040655},{"_id":"themes/next/source/css/_common/components/post/post-eof.styl","hash":"70b3eb9d36543ab92796ac163544e9cf51b7c1e6","modified":1653895040655},{"_id":"themes/next/source/css/_common/components/post/post-followme.styl","hash":"57b9a179675f1536e017cba457b6ac575e397c4f","modified":1653895040656},{"_id":"themes/next/source/css/_common/components/post/post-expand.styl","hash":"97dec98d0403097d66822f1c90b50b2890c84698","modified":1653895040655},{"_id":"themes/next/source/css/_common/components/post/post-gallery.styl","hash":"0dfb97703a519d9438f64f9e41ab1dd37381f733","modified":1653895040656},{"_id":"themes/next/source/css/_common/components/post/post-nav.styl","hash":"2c24829d95c742eb9e8316ebf2fbe9f2c168b59a","modified":1653895040657},{"_id":"themes/next/source/css/_common/components/post/post-header.styl","hash":"93ba8172c0d2c37d738e6dbd44fcd5a2e23b92f3","modified":1653895040656},{"_id":"themes/next/source/css/_common/components/post/post-reward.styl","hash":"66fc406796b6efe6cea76550573b7a632112406a","modified":1653895040657},{"_id":"themes/next/source/css/_common/components/post/post-tags.styl","hash":"5cc9e7394c927065c688cba5edd6e0a27587f1d8","modified":1653895040658},{"_id":"themes/next/source/css/_common/components/post/post-rtl.styl","hash":"09dda2667628d1f91b2e37d8fc6df1413f961b64","modified":1653895040657},{"_id":"themes/next/source/css/_common/components/post/post-widgets.styl","hash":"b266d2ce5e2b117be01537889e839a69004dc0bb","modified":1653895040658},{"_id":"themes/next/source/css/_common/components/post/post.styl","hash":"fcd64c23d17775b3635325f6758b648d932e79b5","modified":1653895040658},{"_id":"themes/next/source/css/_common/components/third-party/gitalk.styl","hash":"b87f4a06c0db893df4f756f24be182e1a4751f24","modified":1653895040659},{"_id":"themes/next/source/css/_common/components/third-party/math.styl","hash":"d83102771df652769e51ddfd041cf5f4ca1a041d","modified":1653895040659},{"_id":"themes/next/source/css/_common/components/third-party/third-party.styl","hash":"1f6b0d3ab227697ca115e57fd61122ea7950e19d","modified":1653895040660},{"_id":"themes/next/source/css/_common/components/third-party/search.styl","hash":"bad99f4cccb93b3cefe990a2c85124e60698d32e","modified":1653895040660},{"_id":"themes/next/source/css/_common/components/third-party/related-posts.styl","hash":"8ed7a9d5dfac592de703421b543978095129aa5b","modified":1653895040660},{"_id":"themes/next/source/css/_common/outline/footer/footer.styl","hash":"7eeb22c5696f8e0c95161dc57703973cf81c8c12","modified":1653895040661},{"_id":"themes/next/source/css/_common/outline/header/bookmark.styl","hash":"b4f4bae437d4f994af93cf142494ffcd86bae46b","modified":1653895040662},{"_id":"themes/next/source/css/_common/outline/header/header.styl","hash":"300058ca12e81013e77ba01fe66ac210525768b6","modified":1653895040662},{"_id":"themes/next/source/css/_common/outline/header/github-banner.styl","hash":"b31c86d1a4f89837f9187bed646bda96b2cd286c","modified":1653895040662},{"_id":"themes/next/source/css/_common/outline/header/headerband.styl","hash":"6d5f26646e2914474f295de8bf6dc327d4acd529","modified":1653895040663},{"_id":"themes/next/source/css/_common/outline/header/menu.styl","hash":"7a3a56b10ab714c0e2ed240d0939deeecdcad167","modified":1653895040663},{"_id":"themes/next/source/css/_common/outline/header/site-meta.styl","hash":"3d16ac0f4ccaeed868c246d4d49bde543d1f62cb","modified":1653895040663},{"_id":"themes/next/source/css/_common/outline/header/site-nav.styl","hash":"b8c816fba0a9b4a35fbae03ba5b1b2da96ba2687","modified":1653895040663},{"_id":"themes/next/source/css/_common/outline/sidebar/sidebar-author-links.styl","hash":"49722d555a2edb18094bb2cb3d7336dd72051b93","modified":1653895040665},{"_id":"themes/next/source/css/_common/outline/sidebar/sidebar-author.styl","hash":"357f825f0a649b2e28cba1481d4c9a0cb402e43a","modified":1653895040665},{"_id":"themes/next/source/css/_common/outline/sidebar/sidebar-blogroll.styl","hash":"096f908c08ce553e482aadfd3e767a0145191093","modified":1653895040666},{"_id":"themes/next/source/css/_common/outline/sidebar/sidebar-button.styl","hash":"525242ce9e912c4adfe5134347c67dbdb9e98e3d","modified":1653895040666},{"_id":"themes/next/source/css/_common/outline/sidebar/sidebar-dimmer.styl","hash":"12f7eaf6b56624cbc411528562d6bb848ff97039","modified":1653895040666},{"_id":"themes/next/source/css/_common/outline/sidebar/sidebar-nav.styl","hash":"b11b04737a1a0fea3bd9f0081d96ee6c015358d4","modified":1653895040666},{"_id":"themes/next/source/css/_common/outline/sidebar/sidebar-toc.styl","hash":"fa0a2ea57b7b4ce75b5d18c264af2d92ea3192f9","modified":1653895040667},{"_id":"themes/next/source/css/_common/outline/sidebar/sidebar-toggle.styl","hash":"098b4bdf49c7300490f959386d5d1185a32543f6","modified":1653895040667},{"_id":"themes/next/source/css/_common/outline/sidebar/sidebar.styl","hash":"5d540f683018745a5ed1d6f635df28ea610c1244","modified":1653895040667},{"_id":"themes/next/source/css/_common/outline/sidebar/site-state.styl","hash":"67a1fcb33535122d41acd24f1f49cf02c89b88fa","modified":1653895040668},{"_id":"themes/next/source/css/_common/scaffolding/highlight/copy-code.styl","hash":"4079e616fbf36112dec0674c1e0713d1d9769068","modified":1653895040669},{"_id":"themes/next/source/css/_common/scaffolding/highlight/diff.styl","hash":"83bd737f663a8461e66985af8ddbfc0a731fc939","modified":1653895040670},{"_id":"themes/next/source/css/_common/scaffolding/highlight/highlight.styl","hash":"80488259271bcfe38031f4c2e902463daba9336b","modified":1653895040670},{"_id":"themes/next/source/css/_common/scaffolding/highlight/theme.styl","hash":"c911045b2ce9a66e38d9dd30c7ed078abbc10cbf","modified":1653895040671},{"_id":"themes/next/source/css/_common/scaffolding/tags/blockquote-center.styl","hash":"ceacfa6218f6084c71a230b086e5d2708d29927e","modified":1653895040672},{"_id":"themes/next/source/css/_common/scaffolding/tags/group-pictures.styl","hash":"aca7bb220fc14ef2a8f96282d2a95a96a9238d46","modified":1653895040673},{"_id":"themes/next/source/css/_common/scaffolding/tags/label.styl","hash":"8b7aafb911850c73074cdb6cc87abe4ac8c12e99","modified":1653895040673},{"_id":"themes/next/source/css/_common/scaffolding/tags/pdf.styl","hash":"03a5bcecc0b12231462ef6ffe432fa77ee71beff","modified":1653895040674},{"_id":"themes/next/source/css/_common/scaffolding/tags/note.styl","hash":"adaf0f580fccf4158169eeaf534a18005b39a760","modified":1653895040673},{"_id":"themes/next/source/css/_common/scaffolding/tags/tabs.styl","hash":"3256e39f281f06751a1c0145d9806a0e56d68170","modified":1653895040674},{"_id":"themes/next/source/css/_common/scaffolding/tags/tags.styl","hash":"51d46fa3c7c6b691c61a2c2b0ac005c97cfbf72b","modified":1653895040674},{"_id":"themes/next/source/lib/font-awesome/webfonts/fa-brands-400.woff2","hash":"509988477da79c146cb93fb728405f18e923c2de","modified":1653895040694},{"_id":"themes/next/source/lib/font-awesome/webfonts/fa-solid-900.woff2","hash":"75a88815c47a249eadb5f0edc1675957f860cca7","modified":1653895040695},{"_id":"themes/landfarz/source/css/_base/utils.styl","hash":"da39a3ee5e6b4b0d3255bfef95601890afd80709","modified":1653895731345},{"_id":"themes/landfarz/.gitignore","hash":"eaa3d84cb77d92a21b111fd1e37f53edc1ff9de0","modified":1653895731331},{"_id":"themes/landfarz/README.md","hash":"625967b434141eb98fbb7a62a9ec405809481cac","modified":1653895731332},{"_id":"themes/landfarz/LICENSE","hash":"ccf796b213c60a50d27e907c11463c30cf979576","modified":1653895731332},{"_id":"themes/landfarz/_config.yml","hash":"f7d7ef65580c8fb8b03009f28e55b38e6eddaedd","modified":1653895731333},{"_id":"themes/landfarz/languages/de.yml","hash":"1ebe2d4f1b48c84e004c933bec65731fb54c9998","modified":1653895731334},{"_id":"themes/landfarz/languages/default.yml","hash":"360a92ba57b6f7cdfccab4c758f0832f61c6b029","modified":1653895731334},{"_id":"themes/landfarz/languages/zh-CN.yml","hash":"0395331b72062d8a1d7c92e3a45f5f5ca9dda254","modified":1653895731335},{"_id":"themes/landfarz/languages/es.yml","hash":"727707b95580bbe9773edef4c84a9735fd537742","modified":1653895731334},{"_id":"themes/landfarz/languages/ru.yml","hash":"37161bb9b6cc2dae1f53837185be32e7a0b8abfa","modified":1653895731335},{"_id":"themes/landfarz/layout/archive.ejs","hash":"a18842e3d719fe3ca9b977a6995f8facc75c8673","modified":1653895731342},{"_id":"themes/landfarz/languages/zh-TW.yml","hash":"2a172dae38a7554b36b031c20dd1625ce12379ed","modified":1653895731335},{"_id":"themes/landfarz/layout/category.ejs","hash":"9b740fc33f6f028df60f0bc4312bf3ebd03aa8ea","modified":1653895731342},{"_id":"themes/landfarz/layout/index.ejs","hash":"c7cf84c84c26f1adfc249bc9a7605206fa245f73","modified":1653895731343},{"_id":"themes/landfarz/layout/layout.ejs","hash":"6999916072898aedfe13f4a07211dd1578ad4799","modified":1653895731343},{"_id":"themes/landfarz/layout/page.ejs","hash":"70cbc9854655773cc6ba84eecaaf330fed430465","modified":1653895731343},{"_id":"themes/landfarz/layout/post.ejs","hash":"70cbc9854655773cc6ba84eecaaf330fed430465","modified":1653895731344},{"_id":"themes/landfarz/layout/tag.ejs","hash":"45150a2365768b6b67880193c9264ad2bb4814db","modified":1653895731344},{"_id":"themes/landfarz/layout/_partial/after_footer.ejs","hash":"f0c7c0e7746c046b34299c7f615f61410e14596e","modified":1653895731336},{"_id":"themes/landfarz/layout/_partial/archive.ejs","hash":"eaab5ad657f16dfc6cff6f462e1234c3cb8f23a0","modified":1653895731336},{"_id":"themes/landfarz/layout/_partial/facebook_comment.ejs","hash":"49ee54e84fe2b70bd9540e2eeba5a85f744941b0","modified":1653895731337},{"_id":"themes/landfarz/layout/_partial/article.ejs","hash":"abd81dff0d4e7fc088ff39c84e0dfcbdb9e3328e","modified":1653895731337},{"_id":"themes/landfarz/layout/_partial/comment.ejs","hash":"605ce482540ea710df4c832ee0efcdd9909ce1ee","modified":1653895731337},{"_id":"themes/landfarz/layout/_partial/footer.ejs","hash":"7b7badba807c75826622b73385fc852246e09679","modified":1653895731338},{"_id":"themes/landfarz/layout/_partial/google_analytics.ejs","hash":"d70d287956e90e99ba35b2e14cefb477f9203aa0","modified":1653895731338},{"_id":"themes/landfarz/layout/_partial/head.ejs","hash":"50d951b5c24c3a82a31fa46250de813bfe028171","modified":1653895731338},{"_id":"themes/landfarz/layout/_partial/header.ejs","hash":"73c45d7426009feb495710b054868a7f10616178","modified":1653895731338},{"_id":"themes/landfarz/layout/_partial/pagination.ejs","hash":"a7df8d2d87c6773b74e8dd1ae044b92d72c5c2b0","modified":1653895731339},{"_id":"themes/landfarz/layout/_partial/sidebar.ejs","hash":"016441ca9534769d8e151cffe4027686e9c86f18","modified":1653895731340},{"_id":"themes/landfarz/layout/_widget/category.ejs","hash":"c163a146b0f963f257ddcc244f413bef281fe0a0","modified":1653895731341},{"_id":"themes/landfarz/layout/_widget/recent_posts.ejs","hash":"59f6f8362fa23a6215e3381151a59c2e2a5fd0d3","modified":1653895731341},{"_id":"themes/landfarz/layout/_widget/search.ejs","hash":"93d4a690494dfa405024f23511846ea00d647be7","modified":1653895731341},{"_id":"themes/landfarz/layout/_widget/tagcloud.ejs","hash":"139e91b1e6abcc1e3883bcc03a9a1a7f1d891d7a","modified":1653895731342},{"_id":"themes/landfarz/layout/_widget/tag.ejs","hash":"6bf8214fedb8d6306e017e07ad67aab956496500","modified":1653895731342},{"_id":"themes/landfarz/source/css/style.styl","hash":"8e8458e78717c49c4ff278b741258d77301f6be4","modified":1653895731353},{"_id":"themes/landfarz/source/fancybox/blank.gif","hash":"2daeaa8b5f19f0bc209d976c02bd6acb51b00b0a","modified":1653895731353},{"_id":"themes/landfarz/source/fancybox/fancybox_loading.gif","hash":"1a755fb2599f3a313cc6cfdb14df043f8c14a99c","modified":1653895731354},{"_id":"themes/landfarz/source/fancybox/fancybox_loading@2x.gif","hash":"273b123496a42ba45c3416adb027cd99745058b0","modified":1653895731354},{"_id":"themes/landfarz/source/fancybox/fancybox_overlay.png","hash":"b3a4ee645ba494f52840ef8412015ba0f465dbe0","modified":1653895731355},{"_id":"themes/landfarz/source/fancybox/fancybox_sprite.png","hash":"17df19f97628e77be09c352bf27425faea248251","modified":1653895731355},{"_id":"themes/landfarz/source/fancybox/fancybox_sprite@2x.png","hash":"30c58913f327e28f466a00f4c1ac8001b560aed8","modified":1653895731355},{"_id":"themes/landfarz/source/fancybox/jquery.fancybox.css","hash":"82f33ad0842aa9c154d029e0dada2497d4eb1d57","modified":1653895731356},{"_id":"themes/landfarz/source/fancybox/jquery.fancybox.pack.js","hash":"ae6318aeb62ad4ce7a7e9a4cdacd93ffb004f0fb","modified":1653895731356},{"_id":"themes/landfarz/source/js/gallery.js","hash":"735a714e54f0ac229f292a90df3a1f882904f6c7","modified":1653895731357},{"_id":"themes/landfarz/source/js/jquery.imagesloaded.min.js","hash":"28ef4346743a60c896a9ae492a544c0854904350","modified":1653895731357},{"_id":"themes/landfarz/layout/_partial/post/category.ejs","hash":"8bb3f6ee6296df5a0d527b30d5a46a2387b97cb7","modified":1653895731339},{"_id":"themes/landfarz/layout/_partial/post/share.ejs","hash":"991cf130c37f08c7e948772fb45587592b165b55","modified":1653895731340},{"_id":"themes/landfarz/layout/_partial/post/gallery.ejs","hash":"fc23ef9b5a412e05436f68ff47146b860d2d4225","modified":1653895731339},{"_id":"themes/landfarz/layout/_partial/post/tag.ejs","hash":"b21bbfb5479bd5968a610ba8bdb2bdf10d7a40e9","modified":1653895731340},{"_id":"themes/landfarz/layout/_partial/post/title.ejs","hash":"7f93b310927d6238effdde15234d8cb242940893","modified":1653895731340},{"_id":"themes/landfarz/source/css/_base/layout.styl","hash":"b86dca5de36403f104e16321ccd758385b771134","modified":1653895731345},{"_id":"themes/landfarz/source/css/_base/variable.styl","hash":"0833485db79c55e5f8c1cb4dbe46529424923be8","modified":1653895731345},{"_id":"themes/landfarz/source/css/_partial/archive.styl","hash":"b6fa84ea80bfbdb3a93f64c06a8c652e4242128e","modified":1653895731346},{"_id":"themes/landfarz/source/css/_partial/article.styl","hash":"ca982aa3f89b48077f8c2f977b805a3f1ff0b268","modified":1653895731346},{"_id":"themes/landfarz/source/css/_partial/comment.styl","hash":"85106e428b43e9eb488a71f55b9c4a9c33864d66","modified":1653895731347},{"_id":"themes/landfarz/source/css/_partial/footer.styl","hash":"bc58fb0d56a26ffa9891c80dd23d9add5cae5bdd","modified":1653895731347},{"_id":"themes/landfarz/source/css/_partial/header.styl","hash":"c9de2a1718e8612efa58fc52ff4012d01b96031d","modified":1653895731347},{"_id":"themes/landfarz/source/css/_partial/index.styl","hash":"8c52340a3bf3ce559502bcb9fdbd28a63598f1d6","modified":1653895731347},{"_id":"themes/landfarz/source/css/_partial/sidebar.styl","hash":"35bd524572c4164c9b550ab0c436742f691f4ec4","modified":1653895731347},{"_id":"themes/landfarz/source/css/_partial/syntax.styl","hash":"e08fe789237bca9ea36b8fabaacb2e6070bdc639","modified":1653895731347},{"_id":"themes/landfarz/source/css/font/fontawesome-webfont.eot","hash":"d775f599ff3f23be082e6a9604b4898718923a37","modified":1653895731348},{"_id":"themes/landfarz/source/css/font/fontawesome-webfont.woff","hash":"0612cddf2f835cceffccc88fd194f97367d0b024","modified":1653895731351},{"_id":"themes/landfarz/source/css/images/favicon.ico","hash":"b5b7667c7358e7300c4772d481e556b003716dab","modified":1653895731352},{"_id":"themes/landfarz/source/css/font/fontawesome-webfont.svg","hash":"ff51bbb11dfe58345f41cead2c425d6e8be28176","modified":1653895731349},{"_id":"themes/landfarz/source/css/font/fontawesome-webfont.ttf","hash":"a9468f6a1fe965fbcaf5a1bd6c11705e2fc5f84c","modified":1653895731350},{"_id":"themes/landfarz/source/css/images/body.jpg","hash":"eeecad49947335286ed22fdf942fa99da32b41ca","modified":1653895731352},{"_id":"themes/landscape/.gitignore","hash":"dde61fc2d985d9256a5041e55b285d6803b9010d","modified":1653896310966},{"_id":"themes/landscape/.npmignore","hash":"4c40eab00f24304ca400313319c58d461788ff5e","modified":1653896310966},{"_id":"themes/landscape/LICENSE","hash":"82ce1e15ddeabeaaca60e2186b5a3ce42b1a9c49","modified":1653896310967},{"_id":"themes/landscape/README.md","hash":"141da725ade08a5fdd7b6d29a288d1fcdf089d86","modified":1653896310967},{"_id":"themes/landscape/_config.yml","hash":"b02777c76e908f7633a5394fc9ce94f962f2620f","modified":1653896427453},{"_id":"themes/landscape/package.json","hash":"bfa43b58a3a76fd6e650b05efc435e13797aa690","modified":1653896310990},{"_id":"themes/landscape/.github/dependabot.yml","hash":"055a7e8776cb1e01c2c489fee80f3e51472a683c","modified":1653896310966},{"_id":"themes/landscape/languages/de-DE.yml","hash":"d29d1c4256b7ed9df42f511c2ff0a23ad5fd6c1f","modified":1653896310968},{"_id":"themes/landscape/languages/de.yml","hash":"d45cea36c5c83d7d09afcd1c26fff4a4c513c25b","modified":1653896310968},{"_id":"themes/landscape/languages/default.yml","hash":"ea5e6aee4cb14510793ac4593a3bddffe23e530c","modified":1653896310969},{"_id":"themes/landscape/languages/en-GB.yml","hash":"ea5e6aee4cb14510793ac4593a3bddffe23e530c","modified":1653896310969},{"_id":"themes/landscape/languages/en-US.yml","hash":"ea5e6aee4cb14510793ac4593a3bddffe23e530c","modified":1653896310969},{"_id":"themes/landscape/languages/en.yml","hash":"f26a34a7983d4bc17c65c7f0f14da598e62ce66d","modified":1653896310970},{"_id":"themes/landscape/languages/es-ES.yml","hash":"7008a8fc91f18d2a735864817b8ebda30c7a2c66","modified":1653896310970},{"_id":"themes/landscape/languages/es.yml","hash":"e3b4937da4cd2d0393b8a0ba310e70fc605cc431","modified":1653896310970},{"_id":"themes/landscape/languages/fr.yml","hash":"8cb0fe4b6913b4d5b662cdd0108a923c90025f85","modified":1653896310971},{"_id":"themes/landscape/languages/fr-FR.yml","hash":"8d09dbdab00a30a2870b56f7c0a7ca7deafa7b88","modified":1653896310971},{"_id":"themes/landscape/languages/hu-HU.yml","hash":"712d18664898fa21ba38d4973e90ef41a324ea25","modified":1653896310971},{"_id":"themes/landscape/languages/hu.yml","hash":"d22ec72d00567db3782661ab5ccdb2475469da4c","modified":1653896310972},{"_id":"themes/landscape/languages/it-IT.yml","hash":"2cb6dc2fab9bd2dbe1c8bb869a9e8bf85a564fdd","modified":1653896310972},{"_id":"themes/landscape/languages/it.yml","hash":"7f09aa0520688e2de50cb5b6631998682f9200f5","modified":1653896310973},{"_id":"themes/landscape/languages/ja-JP.yml","hash":"08481267e0c112e1f6855620f2837ec4c4a98bbd","modified":1653896310973},{"_id":"themes/landscape/languages/ja.yml","hash":"3e2fedca096678c0c234ebffa4637828979296fa","modified":1653896310974},{"_id":"themes/landscape/languages/ko.yml","hash":"11330316e3c1262474a2b496e40dbc29f93fe01b","modified":1653896310975},{"_id":"themes/landscape/languages/ko-KR.yml","hash":"19209ad8f9d4057e8df808937f950eb265e1db69","modified":1653896310974},{"_id":"themes/landscape/languages/mn.yml","hash":"088c2507d8f221416f99cf72d73641ba476a0f00","modified":1653896310976},{"_id":"themes/landscape/languages/mn-MN.yml","hash":"b9e5f3e7c0c2f779cf2cfded6db847b5941637ca","modified":1653896310975},{"_id":"themes/landscape/languages/nl-NL.yml","hash":"5ebbc30021f05d99938f96dfff280392df7f91f0","modified":1653896310976},{"_id":"themes/landscape/languages/nl.yml","hash":"3d82ec703d0b3287739d7cb4750a715ae83bfcb3","modified":1653896310976},{"_id":"themes/landscape/languages/no.yml","hash":"ddf2035e920a5ecb9076138c184257d9f51896a7","modified":1653896310977},{"_id":"themes/landscape/languages/pt-PT.yml","hash":"0f852b6b228e6ea59aa3540574bb89b233f2a098","modified":1653896310977},{"_id":"themes/landscape/languages/pt.yml","hash":"ae2c61b30e638f74f1a42c9ce39ac08d063b30f5","modified":1653896310977},{"_id":"themes/landscape/languages/ru-RU.yml","hash":"360d11a28bb768afb1dd15f63fa7fd3a8cc547ee","modified":1653896310977},{"_id":"themes/landscape/languages/ru.yml","hash":"2a476b4c6e04900914c81378941640ac5d58a1f0","modified":1653896310978},{"_id":"themes/landscape/languages/th-TH.yml","hash":"ebfdba9bc4842c829473c1e6e4544344f182724d","modified":1653896310978},{"_id":"themes/landscape/languages/th.yml","hash":"84a55b00aa01f03982be294e43c33a20e6d32862","modified":1653896310978},{"_id":"themes/landscape/languages/tr.yml","hash":"424f6e94ced575b51bb7dcebdc0f25d4f4c99fe2","modified":1653896310979},{"_id":"themes/landscape/languages/zh-TW.yml","hash":"f5f0ca88185da7a8457760d84bf221781473bd7c","modified":1653896310979},{"_id":"themes/landscape/languages/zh-CN.yml","hash":"e41d1e0e3a9e15c30b7142491bed39dc50371e96","modified":1653896310979},{"_id":"themes/landscape/layout/archive.ejs","hash":"2703b07cc8ac64ae46d1d263f4653013c7e1666b","modified":1653896310987},{"_id":"themes/landscape/layout/index.ejs","hash":"aa1b4456907bdb43e629be3931547e2d29ac58c8","modified":1653896310987},{"_id":"themes/landscape/layout/category.ejs","hash":"765426a9c8236828dc34759e604cc2c52292835a","modified":1653896310987},{"_id":"themes/landscape/layout/layout.ejs","hash":"99ad49cb7ee932c62ab0ef3a4de71f7e7e8c6bed","modified":1653896310988},{"_id":"themes/landscape/layout/page.ejs","hash":"7d80e4e36b14d30a7cd2ac1f61376d9ebf264e8b","modified":1653896310988},{"_id":"themes/landscape/layout/post.ejs","hash":"7d80e4e36b14d30a7cd2ac1f61376d9ebf264e8b","modified":1653896310988},{"_id":"themes/landscape/layout/tag.ejs","hash":"eaa7b4ccb2ca7befb90142e4e68995fb1ea68b2e","modified":1653896310989},{"_id":"themes/landscape/scripts/fancybox.js","hash":"113012153240fa62a2dffc85b1dd6a476609670a","modified":1653896310990},{"_id":"themes/landscape/layout/_partial/after-footer.ejs","hash":"91338876ae4417780137ca34cb3a102a4fc0c850","modified":1653896310980},{"_id":"themes/landscape/layout/_partial/archive-post.ejs","hash":"5062c723721d8497eebad372f57092ade45041f4","modified":1653896310980},{"_id":"themes/landscape/layout/_partial/archive.ejs","hash":"d3f1ba491f5dc75f5fd657392293d52f8438ea1e","modified":1653896310980},{"_id":"themes/landscape/layout/_partial/article.ejs","hash":"afdecdeb68b61bef3bcb4e4f5175d05e4b3160c5","modified":1653896310981},{"_id":"themes/landscape/layout/_partial/footer.ejs","hash":"403e107162a13bd8db2fc97f2f85df5b235f9308","modified":1653896310981},{"_id":"themes/landscape/layout/_partial/gauges-analytics.ejs","hash":"165008f72ed77f0da879d132563d763369d26472","modified":1653896310981},{"_id":"themes/landscape/layout/_partial/google-analytics.ejs","hash":"9fc18f1fd5bec16f8a3d30b0ce38458485c398b3","modified":1653896310982},{"_id":"themes/landscape/layout/_partial/head.ejs","hash":"caa3a9483cf430dd762217841d4707d5fc326f7d","modified":1653896310982},{"_id":"themes/landscape/layout/_partial/header.ejs","hash":"f7f3f700407f3356eef46ee6f4e8a43eabbe79f1","modified":1653896310982},{"_id":"themes/landscape/layout/_partial/mobile-nav.ejs","hash":"347cf1befd2ea637c24bd5901929d8e36e359e75","modified":1653896310983},{"_id":"themes/landscape/layout/_partial/sidebar.ejs","hash":"c70869569749a8f48cce202fa57926c06b55fdab","modified":1653896310985},{"_id":"themes/landscape/layout/_widget/archive.ejs","hash":"0fe1e52c291c9499bd05b966e0b9aac5be351c58","modified":1653896310985},{"_id":"themes/landscape/layout/_widget/category.ejs","hash":"866790acc13fed44b7ef74c3e19c300a3d6180d8","modified":1653896310986},{"_id":"themes/landscape/layout/_widget/recent_posts.ejs","hash":"98c85af1103af18b02c4f5f207fdfc48e207d794","modified":1653896310986},{"_id":"themes/landscape/layout/_widget/tagcloud.ejs","hash":"7259c179aa0c41c02e467ad892292e90430aaabc","modified":1653896310986},{"_id":"themes/landscape/layout/_widget/tag.ejs","hash":"6017c54a8c3c8ff8db491cfbea3100c139da75d6","modified":1653896310986},{"_id":"themes/landscape/source/css/_extend.styl","hash":"8ab1ad313bd6707d248c5ca1ee9a5eab8d815e42","modified":1653896310991},{"_id":"themes/landscape/source/css/_variables.styl","hash":"134343e5c711198acbcfb9a6e85256390b34fdfb","modified":1653896310995},{"_id":"themes/landscape/source/css/style.styl","hash":"bcf0da3a449d98c5d9976ae00ee47834cf49cd85","modified":1653896311008},{"_id":"themes/landscape/source/fancybox/jquery.fancybox.min.css","hash":"1be9b79be02a1cfc5d96c4a5e0feb8f472babd95","modified":1653896311008},{"_id":"themes/landscape/source/js/script.js","hash":"faef3cfd08d0628d0e0840a21a5a3fa4d6e1703d","modified":1653896311010},{"_id":"themes/landscape/layout/_partial/post/category.ejs","hash":"16128d2422645e18d1b6882d4c4df17d895bd76e","modified":1653896310983},{"_id":"themes/landscape/layout/_partial/post/date.ejs","hash":"e78bda05fcf57b0e5e3a20cf3505d37fd69aaf46","modified":1653896310983},{"_id":"themes/landscape/layout/_partial/post/gallery.ejs","hash":"b0bf3f5d923c261ca2b5fabab513f1ec2708c8ca","modified":1653896310984},{"_id":"themes/landscape/layout/_partial/post/nav.ejs","hash":"cbb3819ce512bd24db8bad41b8617d46eba82fdc","modified":1653896310984},{"_id":"themes/landscape/layout/_partial/post/tag.ejs","hash":"694b5101bcc44c9f9c1cc62e5ad2fdfb4b7c7a07","modified":1653896310984},{"_id":"themes/landscape/layout/_partial/post/title.ejs","hash":"fd5d3187f4e3d45f8af08f93b263fca7ed666c75","modified":1653896310985},{"_id":"themes/landscape/source/css/_partial/archive.styl","hash":"9e574d8eb1a5285ec3b4346607414770d2f7e0ff","modified":1653896310992},{"_id":"themes/landscape/source/css/_partial/article.styl","hash":"4f03b334af1fd36560d0977cb7162cce5adf5f15","modified":1653896310992},{"_id":"themes/landscape/source/css/_partial/comment.styl","hash":"2834870661e490775f9154d71638bfdc72e640a6","modified":1653896310992},{"_id":"themes/landscape/source/css/_partial/footer.styl","hash":"6f7aa810f296d6a1a4486637b5a853d35a198938","modified":1653896310993},{"_id":"themes/landscape/source/css/_partial/header.styl","hash":"67e59feb18eee6026717cb440d86ab9551782628","modified":1653896310993},{"_id":"themes/landscape/source/css/_partial/highlight.styl","hash":"ac19f1621305ca9f6a7b74acd211a4c0d88690bd","modified":1653896310993},{"_id":"themes/landscape/source/css/_partial/mobile.styl","hash":"680c7b809b62cd3ad294e822793fbd0b1a32cc33","modified":1653896310994},{"_id":"themes/landscape/source/css/_partial/sidebar-bottom.styl","hash":"4132e25ba9680c4b911a01abc75f501cda3fa4f1","modified":1653896310994},{"_id":"themes/landscape/source/css/_partial/sidebar-aside.styl","hash":"1fb15f13ba70d5b954f62920c6b63d26e2fb2985","modified":1653896310994},{"_id":"themes/landscape/source/css/_partial/sidebar.styl","hash":"8d971a00e644a600179b04815688d188f094012e","modified":1653896310994},{"_id":"themes/landscape/source/css/_util/grid.styl","hash":"1aa883ab432d9e4139c89dcbd40ae2bd1528d029","modified":1653896310995},{"_id":"themes/landscape/source/css/_util/mixin.styl","hash":"429bad87fc156eacf226c5e35b0eafc277f2504b","modified":1653896310995},{"_id":"themes/landscape/source/fancybox/jquery.fancybox.min.js","hash":"eef46b6fb2e460838cd7328a6e13ecda0cb1e194","modified":1653896311009},{"_id":"themes/landscape/source/js/jquery-3.4.1.min.js","hash":"b15f7cfa79519756dff1ad22553fd0ed09024343","modified":1653896311010},{"_id":"themes/landscape/source/css/fonts/fontawesome-webfont.woff","hash":"28b782240b3e76db824e12c02754a9731a167527","modified":1653896311004},{"_id":"themes/landscape/source/css/fonts/fontawesome-webfont.woff2","hash":"d6f48cba7d076fb6f2fd6ba993a75b9dc1ecbf0c","modified":1653896311005},{"_id":"themes/landscape/source/css/fonts/FontAwesome.otf","hash":"048707bc52ac4b6563aaa383bfe8660a0ddc908c","modified":1653896310997},{"_id":"themes/landscape/source/css/fonts/fontawesome-webfont.eot","hash":"d980c2ce873dc43af460d4d572d441304499f400","modified":1653896310999},{"_id":"themes/landscape/source/css/fonts/fontawesome-webfont.ttf","hash":"13b1eab65a983c7a73bc7997c479d66943f7c6cb","modified":1653896311004},{"_id":"themes/landscape/source/css/images/banner.jpg","hash":"f44aa591089fcb3ec79770a1e102fd3289a7c6a6","modified":1653896311007},{"_id":"themes/landscape/source/css/fonts/fontawesome-webfont.svg","hash":"b5483b11f8ba213e733b5b8af9927a04fec996f6","modified":1653896311002}],"Category":[],"Data":[],"Page":[{"title":"about","date":"2022-05-30T06:09:58.000Z","_content":"## Cool stuff man\nthank you!!!","source":"about/index.md","raw":"---\ntitle: about\ndate: 2022-05-30 09:09:58\n---\n## Cool stuff man\nthank you!!!","updated":"2022-05-30T06:10:25.419Z","path":"about/index.html","_id":"cl3sbzxxc0002f4tyaec9938l","comments":1,"layout":"page","content":"<h2 id=\"Cool-stuff-man\"><a href=\"#Cool-stuff-man\" class=\"headerlink\" title=\"Cool stuff man\"></a>Cool stuff man</h2><p>thank you!!!</p>\n","site":{"data":{}},"excerpt":"","more":"<h2 id=\"Cool-stuff-man\"><a href=\"#Cool-stuff-man\" class=\"headerlink\" title=\"Cool stuff man\"></a>Cool stuff man</h2><p>thank you!!!</p>\n"},{"title":"message-board","date":"2022-05-30T06:40:46.000Z","_content":"","source":"message-board/index.md","raw":"---\ntitle: message-board\ndate: 2022-05-30 09:40:46\n---\n","updated":"2022-05-30T06:40:46.734Z","path":"message-board/index.html","comments":1,"layout":"page","_id":"cl3sdj2680000b8ty07kdbl5h","content":"","site":{"data":{}},"excerpt":"","more":""},{"title":"tags","date":"2022-05-30T06:43:29.000Z","_content":"","source":"tags/index.md","raw":"---\ntitle: tags\ndate: 2022-05-30 09:43:29\n---\n","updated":"2022-05-30T06:43:29.534Z","path":"tags/index.html","comments":1,"layout":"page","_id":"cl3sdj26a0001b8tyf6pk93s0","content":"","site":{"data":{}},"excerpt":"","more":""}],"Post":[{"title":"Alısveris Blogu 1","date":"2022-05-30T04:14:21.000Z","_content":"Merhabalar ben bugün size shopapp isimli uygulamayı anlatmak istiyorum.Diger e-ticaret sitelerinden farklı olarak takas ve ikinci el satıs seçeneği sunuyor.Kullanıcı dostu bir arayüze sahip.Bazı durumlarda çok iyi fırsatlar yakalanbiliyor.\n![](/image/shoapp.JPG)","source":"_posts/myblogpost1.md","raw":"---\ntitle: Alısveris Blogu 1\ndate: 2022-05-30 07:14:21\ntags:\n---\nMerhabalar ben bugün size shopapp isimli uygulamayı anlatmak istiyorum.Diger e-ticaret sitelerinden farklı olarak takas ve ikinci el satıs seçeneği sunuyor.Kullanıcı dostu bir arayüze sahip.Bazı durumlarda çok iyi fırsatlar yakalanbiliyor.\n![](/image/shoapp.JPG)","slug":"myblogpost1","published":1,"updated":"2022-05-30T07:30:46.759Z","_id":"cl3s7v9m70001yotyeaw4dre7","comments":1,"layout":"post","photos":[],"link":"","content":"<p>Merhabalar ben bugün size shopapp isimli uygulamayı anlatmak istiyorum.Diger e-ticaret sitelerinden farklı olarak takas ve ikinci el satıs seçeneği sunuyor.Kullanıcı dostu bir arayüze sahip.Bazı durumlarda çok iyi fırsatlar yakalanbiliyor.<br><img src=\"/image/shoapp.JPG\"></p>\n","site":{"data":{}},"excerpt":"","more":"<p>Merhabalar ben bugün size shopapp isimli uygulamayı anlatmak istiyorum.Diger e-ticaret sitelerinden farklı olarak takas ve ikinci el satıs seçeneği sunuyor.Kullanıcı dostu bir arayüze sahip.Bazı durumlarda çok iyi fırsatlar yakalanbiliyor.<br><img src=\"/image/shoapp.JPG\"></p>\n"},{"title":"Alısveris Blogu 2","date":"2022-05-30T06:11:55.000Z","_content":"Harika bir fırsat bir ürünü var.Sony ch510 kulaklıgı piyasada 550 TL'ye satılıyor.Shopapp te ise 300 TL'ye satılıyor. Kulaklık almak isteyenler için bir alternatif olabilir.\n![](/image/Fırsat.JPG)","source":"_posts/myblogpost2.md","raw":"---\ntitle: Alısveris Blogu 2\ndate: 2022-05-30 09:11:55\ntags:\n---\nHarika bir fırsat bir ürünü var.Sony ch510 kulaklıgı piyasada 550 TL'ye satılıyor.Shopapp te ise 300 TL'ye satılıyor. Kulaklık almak isteyenler için bir alternatif olabilir.\n![](/image/Fırsat.JPG)","slug":"myblogpost2","published":1,"updated":"2022-05-30T07:25:53.653Z","_id":"cl3sc2g3l0001qoty5qpuhtej","comments":1,"layout":"post","photos":[],"link":"","content":"<p>Harika bir fırsat bir ürünü var.Sony ch510 kulaklıgı piyasada 550 TL’ye satılıyor.Shopapp te ise 300 TL’ye satılıyor. Kulaklık almak isteyenler için bir alternatif olabilir.<br><img src=\"/image/F%C4%B1rsat.JPG\"></p>\n","site":{"data":{}},"excerpt":"","more":"<p>Harika bir fırsat bir ürünü var.Sony ch510 kulaklıgı piyasada 550 TL’ye satılıyor.Shopapp te ise 300 TL’ye satılıyor. Kulaklık almak isteyenler için bir alternatif olabilir.<br><img src=\"/image/F%C4%B1rsat.JPG\"></p>\n"}],"PostAsset":[],"PostCategory":[],"PostTag":[],"Tag":[]}}